{"cameraMode":{"drawMode":0,"name":"Shaded","section":"Shading Mode"},"sceneLighting":false,"audioPlay":false,"sceneViewState":{"m_AlwaysRefresh":false,"showFog":false,"showSkybox":false,"showFlares":false,"showImageEffects":false,"showParticleSystems":false,"showVisualEffectGraphs":true,"m_FxEnabled":true},"in2DMode":false,"pivot":{"x":1.770757794380188,"y":6.115440845489502,"z":-14.173169136047364},"rotation":{"x":-0.0027017949614673855,"y":-0.9939345121383667,"z":0.10658150911331177,"w":-0.02959725819528103},"size":12.721203804016114,"orthographic":false}