{"cameraMode":{"drawMode":0,"name":"Shaded","section":"Shading Mode"},"sceneLighting":false,"audioPlay":false,"sceneViewState":{"m_AlwaysRefresh":false,"showFog":false,"showSkybox":false,"showFlares":false,"showImageEffects":false,"showParticleSystems":false,"showVisualEffectGraphs":true,"m_FxEnabled":true},"in2DMode":false,"pivot":{"x":2.2378811836242677,"y":10.051053047180176,"z":0.1201620101928711},"rotation":{"x":0.0045984345488250259,"y":-0.9941556453704834,"z":0.01791997253894806,"w":0.10772217065095902},"size":5.276166915893555,"orthographic":false}